EAN;Stan magazynowy;Cena zakupu netto
5904209570003;5;177,45
5904209570010;5;121,34
"5904209575602";5;270,72
5904209574445;5;177,45
5904209570034;5;167,85
5904209570027;5;94,65
5904209573943;5;94,65
5904209575558;0;75,62
5904209575916;5;75,62
5904209575947;5;75,62
5904209574438;5;177,45
5904209570058;5;161,83
5904209573936;5;161,83
5904209570041;5;56,56
5904209573899;5;755,59
5904209575503;5;1340,85
5904209575510;5;609,14
5905311721703;2;
5905311721789;2;
5905311721710;2;
5905311721758;2;
5905311721765;2;
5905311721772;2;
5905311721796;2;
5906449366002;2;
5906449366019;2;
